date,time,open,high,low,close,volume
2026-09-14,09:00,410.0,410.5,406.0,407.5,0
2026-09-14,09:01,407.5,409.0,406.5,408.0,103000
2026-09-14,09:02,408.5,409.5,408.5,408.5,70000
2026-09-14,09:03,409.0,413.5,409.0,413.5,46000
2026-09-14,09:04,413.5,414.0,412.5,413.0,102000
2026-09-14,09:05,412.5,413.0,409.5,409.5,90000
2026-09-14,09:06,409.5,410.5,409.0,409.5,51000
2026-09-14,09:07,409.5,411.0,409.0,409.0,76000
2026-09-14,09:08,409.0,410.0,409.0,409.5,48000
2026-09-14,09:09,410.0,410.0,406.5,406.5,182000
2026-09-14,09:10,406.0,410.0,405.0,410.0,114350
2026-09-14,09:11,410.0,410.0,407.5,408.5,25787
2026-09-14,09:12,408.0,409.0,408.0,408.5,11589
2026-09-14,09:13,408.5,408.5,408.5,408.5,18780
2026-09-14,09:14,408.5,408.5,406.5,406.5,61444
2026-09-14,09:15,406.0,406.5,404.0,405.0,133999
2026-09-14,09:16,405.0,405.0,403.0,404.0,90566
2026-09-14,09:17,404.0,404.0,403.0,403.5,29184
2026-09-14,09:18,403.5,405.5,403.5,405.5,32680
2026-09-14,09:19,405.5,406.5,405.0,406.0,43700
2026-09-14,09:20,406.5,406.5,405.5,405.5,26266
2026-09-14,09:21,405.0,405.5,405.0,405.5,7291
2026-09-14,09:22,405.5,405.5,404.0,404.5,34326
2026-09-14,09:23,405.0,405.0,404.0,404.0,25185
2026-09-14,09:24,404.0,404.5,403.5,404.0,34160
2026-09-14,09:25,404.0,404.5,404.0,404.5,7513
2026-09-14,09:26,404.5,405.0,404.0,405.0,20414
2026-09-14,09:27,404.5,405.0,404.0,404.0,29622
2026-09-14,09:28,404.0,404.0,404.0,404.0,3110
2026-09-14,09:29,404.0,404.0,404.0,404.0,8748
2026-09-14,09:30,404.0,405.0,404.0,405.0,8676
2026-09-14,09:31,405.5,405.5,405.5,405.5,5920
2026-09-14,09:32,406.0,406.0,405.0,405.0,32308
2026-09-14,09:33,405.0,405.0,402.0,402.0,106926
2026-09-14,09:34,402.0,402.0,400.5,401.0,64621
2026-09-14,09:35,401.0,402.0,400.5,401.5,41601
2026-09-14,09:36,401.5,402.0,401.5,402.0,12792
2026-09-14,09:37,401.5,401.5,401.0,401.0,26381
2026-09-14,09:38,401.0,401.5,400.0,400.5,49641
2026-09-14,09:39,400.5,402.0,400.5,402.0,23090
2026-09-14,09:40,402.0,402.5,402.0,402.0,9016
2026-09-14,09:41,402.0,402.0,402.0,402.0,2162
2026-09-14,09:42,402.5,403.5,402.5,403.5,11117
2026-09-14,09:43,403.5,404.5,403.5,404.0,28242
2026-09-14,09:44,403.5,403.5,403.5,403.5,8073
2026-09-14,09:45,403.0,405.0,403.0,405.0,22056
2026-09-14,09:46,404.5,405.5,404.5,405.0,19459
2026-09-14,09:47,405.0,405.5,405.0,405.0,8138
2026-09-14,09:48,405.5,405.5,405.0,405.5,7134
2026-09-14,09:49,405.5,406.0,405.5,405.5,33024
2026-09-14,09:50,405.5,405.5,405.0,405.0,20530
2026-09-14,09:51,404.5,405.0,404.5,405.0,4332
2026-09-14,09:53,405.0,405.0,404.0,404.5,11867
2026-09-14,09:54,404.5,405.0,404.5,405.0,4000
2026-09-14,09:55,405.0,405.5,405.0,405.5,4212
2026-09-14,09:56,406.0,406.5,406.0,406.5,15122
2026-09-14,09:57,407.0,407.0,407.0,407.0,12022
2026-09-14,09:58,407.5,407.5,407.5,407.5,12369
2026-09-14,09:59,407.5,407.5,407.0,407.0,25759
2026-09-14,10:00,407.0,407.5,407.0,407.0,7139
2026-09-14,10:01,407.0,408.0,407.0,408.0,27641
2026-09-14,10:02,408.5,409.5,408.0,409.5,56309
2026-09-14,10:03,409.5,409.5,409.0,409.0,12393
2026-09-14,10:04,409.0,409.0,408.5,408.5,17057
2026-09-14,10:05,409.0,409.5,409.0,409.5,13357
2026-09-14,10:06,409.5,409.5,409.0,409.0,8132
2026-09-14,10:07,409.0,409.0,409.0,409.0,3013
2026-09-14,10:08,409.0,409.0,408.5,408.5,6271
2026-09-14,10:09,408.5,408.5,408.5,408.5,5100
2026-09-14,10:10,408.0,408.0,407.0,407.0,19266
2026-09-14,10:11,407.5,407.5,407.5,407.5,3170
2026-09-14,10:12,408.0,408.0,407.0,407.0,12702
2026-09-14,10:13,407.0,408.0,407.0,408.0,11000
2026-09-14,10:14,408.0,408.0,408.0,408.0,10000
2026-09-14,10:15,408.0,410.0,408.0,410.0,67050
2026-09-14,10:16,409.5,410.0,409.0,409.0,5406
2026-09-14,10:17,408.5,408.5,408.0,408.5,6330
2026-09-14,10:18,408.0,409.5,408.0,409.5,20011
2026-09-14,10:19,409.5,410.5,409.5,410.5,22000
2026-09-14,10:20,411.0,411.0,410.0,410.5,16050
2026-09-14,10:21,410.5,411.0,410.5,411.0,25131
2026-09-14,10:22,411.5,413.0,411.0,412.5,84122
2026-09-14,10:23,412.0,413.0,412.0,412.5,36364
2026-09-14,10:24,413.0,413.0,412.0,412.5,34570
2026-09-14,10:25,412.0,412.5,411.0,411.0,39885
2026-09-14,10:26,411.0,411.5,411.0,411.5,7365
2026-09-14,10:27,411.0,411.0,411.0,411.0,4562
2026-09-14,10:28,411.0,418.5,411.0,418.0,161196
2026-09-14,10:29,417.5,417.5,415.0,416.5,39106
2026-09-14,10:30,416.5,418.0,415.0,417.5,106271
2026-09-14,10:31,418.5,418.5,416.0,416.0,34306
2026-09-14,10:32,416.0,419.0,416.0,417.0,59436
2026-09-14,10:33,416.5,416.5,415.5,416.5,15411
2026-09-14,10:34,417.0,418.5,417.0,418.5,37126
2026-09-14,10:35,418.0,418.0,416.5,416.5,9173
2026-09-14,10:36,417.0,417.0,416.5,416.5,8280
2026-09-14,10:37,416.5,416.5,415.5,415.5,23634
2026-09-14,10:38,416.0,416.0,415.5,415.5,5035
2026-09-14,10:39,415.5,415.5,414.5,415.5,40133
2026-09-14,10:40,416.0,416.0,415.5,415.5,5058
2026-09-14,10:41,415.0,415.5,415.0,415.0,3063
2026-09-14,10:42,415.0,415.5,415.0,415.5,12330
2026-09-14,10:43,415.0,415.5,415.0,415.5,8042
2026-09-14,10:44,415.5,417.0,415.5,416.5,19107
2026-09-14,10:45,417.0,417.0,416.0,416.5,10036
2026-09-14,10:46,416.5,417.0,416.5,416.5,4000
2026-09-14,10:47,416.5,417.5,416.5,417.0,16644
2026-09-14,10:48,417.0,417.0,416.5,416.5,5442
2026-09-14,10:49,416.5,417.5,416.5,417.5,4279
2026-09-14,10:50,417.0,417.0,417.0,417.0,3149
2026-09-14,10:51,417.5,417.5,417.5,417.5,9628
2026-09-14,10:52,417.5,417.5,417.0,417.0,4056
2026-09-14,10:53,417.0,417.0,416.5,416.5,22100
2026-09-14,10:54,416.0,416.0,416.0,416.0,2131
2026-09-14,10:55,416.0,416.0,416.0,416.0,3058
2026-09-14,10:56,415.5,415.5,415.5,415.5,2334
2026-09-14,10:57,415.0,415.0,415.0,415.0,1050
2026-09-14,10:58,415.0,415.0,415.0,415.0,3107
2026-09-14,10:59,415.0,415.0,415.0,415.0,8236
2026-09-14,11:00,415.0,415.0,414.5,415.0,13192
2026-09-14,11:01,415.0,415.0,415.0,415.0,4118
2026-09-14,11:02,415.5,417.0,415.5,417.0,8378
2026-09-14,11:03,417.0,417.0,416.5,417.0,13129
2026-09-14,11:04,417.0,417.0,417.0,417.0,2002
2026-09-14,11:05,416.5,417.0,416.5,416.5,8885
2026-09-14,11:06,416.5,417.0,415.5,416.0,80005
2026-09-14,11:07,415.0,415.5,415.0,415.5,22004
2026-09-14,11:08,416.5,418.0,416.5,418.0,35677
2026-09-14,11:09,418.0,418.5,418.0,418.5,16280
2026-09-14,11:10,418.5,419.0,418.0,418.0,25115
2026-09-14,11:11,418.5,418.5,418.0,418.0,4379
2026-09-14,11:12,418.0,418.0,418.0,418.0,12020
2026-09-14,11:13,418.0,418.0,417.0,417.0,10233
2026-09-14,11:14,417.0,417.0,417.0,417.0,4062
2026-09-14,11:15,416.5,416.5,416.0,416.0,6120
2026-09-14,11:16,416.0,416.0,415.5,415.5,5358
2026-09-14,11:17,415.5,415.5,415.5,415.5,2100
2026-09-14,11:18,415.0,415.5,415.0,415.0,6125
2026-09-14,11:19,415.0,415.0,414.5,415.0,35014
2026-09-14,11:20,415.0,415.0,415.0,415.0,5701
2026-09-14,11:21,415.5,415.5,415.5,415.5,3000
2026-09-14,11:22,415.0,415.0,415.0,415.0,3503
2026-09-14,11:23,415.0,415.0,415.0,415.0,1059
2026-09-14,11:24,415.0,416.0,415.0,416.0,2002
2026-09-14,11:25,416.0,416.0,415.5,415.5,4013
2026-09-14,11:26,415.5,415.5,415.5,415.5,1220
2026-09-14,11:27,415.5,415.5,415.5,415.5,1636
2026-09-14,11:28,415.5,415.5,415.5,415.5,2028
2026-09-14,11:31,415.0,415.5,415.0,415.5,5412
2026-09-14,11:33,415.5,415.5,415.5,415.5,2035
2026-09-14,11:35,415.5,415.5,415.5,415.5,2001
2026-09-14,11:36,415.5,415.5,415.5,415.5,5190
2026-09-14,11:37,415.5,415.5,415.5,415.5,1480
2026-09-14,11:39,415.0,415.0,415.0,415.0,4000
2026-09-14,11:40,415.5,415.5,415.5,415.5,3600
2026-09-14,11:41,415.0,415.0,415.0,415.0,14103
2026-09-14,11:42,415.0,415.0,415.0,415.0,13005
2026-09-14,11:43,415.0,415.0,415.0,415.0,1000
2026-09-14,11:44,415.0,415.0,415.0,415.0,4100
2026-09-14,11:45,415.0,415.0,415.0,415.0,9000
2026-09-14,11:46,415.5,415.5,415.5,415.5,1003
2026-09-14,11:47,415.5,415.5,415.5,415.5,2000
2026-09-14,11:48,415.0,415.0,415.0,415.0,7200
2026-09-14,11:49,415.0,415.0,415.0,415.0,1002
2026-09-14,11:50,415.0,415.0,415.0,415.0,10000
2026-09-14,11:51,415.0,415.0,414.0,414.0,36060
2026-09-14,11:52,414.5,415.0,414.5,415.0,15000
2026-09-14,11:53,415.0,415.0,415.0,415.0,9113
2026-09-14,11:54,415.0,415.0,415.0,415.0,2100
2026-09-14,11:55,415.0,415.0,415.0,415.0,1005
2026-09-14,11:56,415.0,415.0,415.0,415.0,4200
2026-09-14,11:57,415.0,415.0,414.5,414.5,21000
2026-09-14,11:58,414.5,415.0,414.5,415.0,20040
2026-09-14,11:59,415.5,415.5,415.0,415.0,14010
2026-09-14,12:00,415.0,415.0,414.0,414.0,22000
2026-09-14,12:01,415.0,415.0,415.0,415.0,17440
2026-09-14,12:04,415.0,415.0,415.0,415.0,2000
2026-09-14,12:05,416.0,416.0,416.0,416.0,11480
2026-09-14,12:07,416.0,416.5,416.0,416.5,4000
2026-09-14,12:08,416.5,416.5,416.0,416.5,8000
2026-09-14,12:09,416.0,416.5,416.0,416.0,3291
2026-09-14,12:10,415.5,415.5,415.5,415.5,1000
2026-09-14,12:11,416.0,416.0,416.0,416.0,10537
2026-09-14,12:12,415.5,415.5,415.5,415.5,2000
2026-09-14,12:13,415.0,415.0,415.0,415.0,4280
2026-09-14,12:14,415.0,415.0,415.0,415.0,3000
2026-09-14,12:15,415.0,415.5,415.0,415.5,3259
2026-09-14,12:17,415.0,415.0,415.0,415.0,4290
2026-09-14,12:18,415.0,415.0,415.0,415.0,13100
2026-09-14,12:19,415.0,415.0,415.0,415.0,5005
2026-09-14,12:21,415.0,415.5,415.0,415.5,6221
2026-09-14,12:22,416.0,416.0,416.0,416.0,22000
2026-09-14,12:23,416.0,416.0,416.0,416.0,1110
2026-09-14,12:24,416.0,416.0,416.0,416.0,2078
2026-09-14,12:25,416.5,417.5,416.5,417.0,58419
2026-09-14,12:26,417.0,417.5,417.0,417.0,9030
2026-09-14,12:27,416.5,416.5,416.5,416.5,2088
2026-09-14,12:28,416.5,416.5,416.5,416.5,1050
2026-09-14,12:30,417.0,417.0,417.0,417.0,5404
2026-09-14,12:31,417.0,417.0,416.5,416.5,13005
2026-09-14,12:32,416.5,416.5,416.0,416.0,7066
2026-09-14,12:33,415.5,415.5,415.5,415.5,1000
2026-09-14,12:34,415.5,415.5,415.5,415.5,4500
2026-09-14,12:35,415.5,415.5,415.5,415.5,6065
2026-09-14,12:36,415.0,415.0,415.0,415.0,2027
2026-09-14,12:37,415.0,415.5,415.0,415.5,10268
2026-09-14,12:38,415.5,416.0,415.5,416.0,11105
2026-09-14,12:39,416.0,416.5,416.0,416.5,15025
2026-09-14,12:40,417.0,417.0,417.0,417.0,29015
2026-09-14,12:41,417.5,418.0,417.0,417.5,32193
2026-09-14,12:43,417.5,417.5,416.5,416.5,8148
2026-09-14,12:44,416.5,416.5,416.5,416.5,1010
2026-09-14,12:45,416.0,416.0,416.0,416.0,1020
2026-09-14,12:46,416.0,416.0,416.0,416.0,6153
2026-09-14,12:47,415.5,415.5,415.0,415.0,6141
2026-09-14,12:48,415.5,415.5,415.5,415.5,5400
2026-09-14,12:49,415.5,416.0,415.5,415.5,6260
2026-09-14,12:50,415.5,415.5,415.5,415.5,1770
2026-09-14,12:51,415.5,415.5,415.5,415.5,1016
2026-09-14,12:52,416.0,416.0,415.0,415.0,8114
2026-09-14,12:53,415.0,415.0,415.0,415.0,20005
2026-09-14,12:54,415.0,415.0,415.0,415.0,7000
2026-09-14,12:55,415.0,415.0,414.5,414.5,13448
2026-09-14,12:56,414.5,415.0,414.5,415.0,16300
2026-09-14,12:57,415.0,415.0,414.5,414.5,11000
2026-09-14,12:58,414.5,415.0,414.5,414.5,24960
2026-09-14,12:59,414.5,415.0,414.5,415.0,19475
2026-09-14,13:00,415.5,415.5,415.0,415.0,10104
2026-09-14,13:01,415.0,415.5,415.0,415.5,3280
2026-09-14,13:02,415.5,415.5,415.5,415.5,17121
2026-09-14,13:03,415.5,415.5,415.0,415.0,12645
2026-09-14,13:04,415.0,415.0,415.0,415.0,9029
2026-09-14,13:05,414.5,415.0,414.0,415.0,38000
2026-09-14,13:06,415.0,415.0,415.0,415.0,13117
2026-09-14,13:07,414.5,415.0,414.5,415.0,23455
2026-09-14,13:08,415.0,415.0,415.0,415.0,14114
2026-09-14,13:09,415.0,415.0,414.5,415.0,37043
2026-09-14,13:10,415.0,415.0,415.0,415.0,14150
2026-09-14,13:11,415.0,415.0,415.0,415.0,11760
2026-09-14,13:12,415.0,415.0,415.0,415.0,14410
2026-09-14,13:13,415.0,415.0,415.0,415.0,13001
2026-09-14,13:14,415.5,415.5,415.5,415.5,18259
2026-09-14,13:15,415.5,416.0,415.5,416.0,5956
2026-09-14,13:16,416.0,416.0,415.5,415.5,2290
2026-09-14,13:17,415.5,415.5,415.5,415.5,8210
2026-09-14,13:18,415.5,415.5,415.0,415.5,26808
2026-09-14,13:19,415.0,415.0,414.5,414.5,21078
2026-09-14,13:20,414.5,415.0,414.5,415.0,35350
2026-09-14,13:21,415.5,415.5,415.0,415.0,19346
2026-09-14,13:22,415.0,415.5,415.0,415.0,27342
2026-09-14,13:23,415.0,415.5,415.0,415.0,32391
2026-09-14,13:24,415.5,415.5,415.0,415.5,27552
2026-09-14,13:30,416.0,416.0,416.0,416.0,346456
2026-09-15,09:00,416.0,422.0,416.0,421.5,0
2026-09-15,09:01,421.0,422.0,419.5,419.5,135000
2026-09-15,09:02,420.5,422.0,419.0,420.5,76000
2026-09-15,09:03,420.5,420.5,418.5,419.5,51000
2026-09-15,09:04,419.5,421.5,419.0,420.5,44000
2026-09-15,09:05,421.0,421.5,418.5,418.5,66000
2026-09-15,09:06,419.5,419.5,418.0,418.0,21000
2026-09-15,09:07,418.5,418.5,417.5,418.0,41000
2026-09-15,09:08,418.0,418.5,417.5,418.5,11000
2026-09-15,09:09,418.5,419.5,418.5,419.5,17000
2026-09-15,09:10,420.0,428.0,420.0,428.0,209352
2026-09-15,09:11,428.0,436.0,427.0,434.0,352150
2026-09-15,09:12,435.0,435.0,431.5,432.0,170086
2026-09-15,09:13,432.0,433.0,431.0,431.0,114878
2026-09-15,09:14,430.5,433.0,430.5,431.5,120781
2026-09-15,09:15,431.5,435.0,431.5,434.0,148694
2026-09-15,09:16,434.0,439.5,433.5,437.0,385301
2026-09-15,09:17,436.5,444.0,436.0,443.0,385712
2026-09-15,09:18,443.0,443.0,437.5,437.5,256564
2026-09-15,09:19,438.5,441.5,437.5,439.5,176624
2026-09-15,09:20,439.5,440.0,438.5,439.0,71898
2026-09-15,09:21,438.5,439.0,437.0,437.0,108582
2026-09-15,09:22,437.5,438.5,436.0,438.5,106730
2026-09-15,09:23,439.0,439.0,437.5,438.0,71789
2026-09-15,09:24,438.0,438.0,436.5,437.0,44563
2026-09-15,09:25,436.5,437.5,436.0,436.0,40909
2026-09-15,09:26,436.0,436.0,435.5,435.5,54795
2026-09-15,09:27,435.5,435.5,432.5,433.5,146637
2026-09-15,09:28,433.5,437.0,433.5,436.0,73216
2026-09-15,09:29,436.0,436.0,435.0,435.0,42307
2026-09-15,09:30,435.0,437.5,433.5,437.0,61478
2026-09-15,09:31,437.0,437.5,436.0,436.0,31549
2026-09-15,09:32,436.0,436.5,436.0,436.0,17154
2026-09-15,09:33,436.0,436.0,435.5,435.5,18832
2026-09-15,09:34,435.5,435.5,431.5,431.5,101529
2026-09-15,09:35,431.5,433.0,431.5,432.5,59134
2026-09-15,09:36,432.5,432.5,431.5,431.5,50458
2026-09-15,09:37,431.0,431.0,427.0,428.0,189667
2026-09-15,09:38,427.5,430.0,427.5,430.0,84393
2026-09-15,09:39,430.0,430.0,428.5,429.0,57762
2026-09-15,09:40,429.0,429.0,424.5,425.0,126170
2026-09-15,09:41,424.5,428.0,424.5,428.0,49811
2026-09-15,09:42,428.5,429.0,428.0,428.5,39593
2026-09-15,09:43,429.0,429.0,427.0,427.0,49455
2026-09-15,09:44,427.0,427.0,426.0,426.0,50434
2026-09-15,09:45,426.5,427.5,426.5,427.5,16169
2026-09-15,09:46,427.5,428.0,427.5,428.0,30609
2026-09-15,09:47,428.0,428.0,426.5,427.5,36342
2026-09-15,09:48,427.5,429.0,427.0,428.5,31180
2026-09-15,09:49,428.5,428.5,427.0,427.0,29335
2026-09-15,09:50,426.5,427.0,426.5,426.5,38293
2026-09-15,09:51,426.5,426.5,425.5,425.5,60666
2026-09-15,09:52,425.5,426.5,425.5,426.0,42709
2026-09-15,09:53,426.0,426.5,426.0,426.5,14130
2026-09-15,09:54,426.5,427.0,426.0,427.0,26122
2026-09-15,09:55,426.5,427.5,426.5,427.0,22327
2026-09-15,09:56,427.5,427.5,427.0,427.5,8204
2026-09-15,09:57,427.5,427.5,425.5,425.5,67248
2026-09-15,09:58,425.5,425.5,424.0,424.0,56888
2026-09-15,09:59,423.5,423.5,420.5,421.0,108584
2026-09-15,10:00,421.0,422.0,421.0,422.0,38471
2026-09-15,10:01,422.5,424.5,422.0,424.5,18205
2026-09-15,10:02,424.5,424.5,424.0,424.0,38486
2026-09-15,10:03,424.0,424.0,424.0,424.0,7140
2026-09-15,10:04,424.0,424.0,423.5,424.0,17268
2026-09-15,10:05,424.0,424.0,423.0,423.0,24595
2026-09-15,10:06,423.0,424.0,423.0,424.0,20457
2026-09-15,10:07,424.0,425.0,423.5,425.0,28247
2026-09-15,10:08,425.0,429.0,425.0,429.0,110915
2026-09-15,10:09,427.5,429.0,426.5,426.5,73385
2026-09-15,10:10,426.0,427.0,426.0,426.5,27148
2026-09-15,10:11,426.5,427.0,426.5,426.5,16350
2026-09-15,10:12,426.5,427.0,426.5,426.5,9334
2026-09-15,10:13,426.5,426.5,426.0,426.0,19000
2026-09-15,10:14,426.0,426.0,425.5,425.5,13222
2026-09-15,10:15,425.0,425.0,425.0,425.0,7172
2026-09-15,10:16,425.5,427.5,425.5,426.5,42066
2026-09-15,10:17,426.5,427.0,426.5,426.5,7247
2026-09-15,10:18,426.0,426.5,425.5,425.5,7027
2026-09-15,10:19,426.0,427.5,425.5,426.0,36110
2026-09-15,10:20,425.5,425.5,425.5,425.5,1351
2026-09-15,10:21,425.5,425.5,424.5,424.5,31500
2026-09-15,10:22,425.5,425.5,424.0,424.0,16150
2026-09-15,10:23,424.0,424.5,423.5,423.5,16252
2026-09-15,10:24,423.5,423.5,423.5,423.5,12025
2026-09-15,10:25,424.0,424.0,424.0,424.0,5738
2026-09-15,10:26,424.0,424.5,424.0,424.0,19070
2026-09-15,10:27,423.5,423.5,423.5,423.5,5316
2026-09-15,10:29,423.5,424.5,423.5,424.5,23070
2026-09-15,10:30,425.0,425.0,424.0,425.0,11108
2026-09-15,10:31,425.0,425.0,425.0,425.0,3170
2026-09-15,10:32,426.0,426.0,426.0,426.0,1000
2026-09-15,10:33,426.0,426.0,426.0,426.0,10011
2026-09-15,10:34,425.5,425.5,424.5,424.5,16201
2026-09-15,10:36,424.5,424.5,424.0,424.0,29060
2026-09-15,10:37,424.0,424.0,424.0,424.0,9183
2026-09-15,10:38,424.0,424.0,424.0,424.0,3003
2026-09-15,10:39,424.0,424.0,423.0,423.0,19780
2026-09-15,10:40,423.0,423.0,423.0,423.0,10144
2026-09-15,10:41,423.0,423.0,423.0,423.0,8421
2026-09-15,10:42,422.5,422.5,422.0,422.5,28897
2026-09-15,10:43,422.5,422.5,422.5,422.5,13204
2026-09-15,10:44,422.5,422.5,422.5,422.5,8150
2026-09-15,10:45,422.5,423.0,422.5,423.0,7232
2026-09-15,10:46,423.0,423.0,423.0,423.0,5374
2026-09-15,10:48,423.0,423.0,423.0,423.0,1100
2026-09-15,10:49,423.5,423.5,422.5,422.5,12225
2026-09-15,10:50,422.5,422.5,422.0,422.0,2000
2026-09-15,10:51,422.0,422.5,422.0,422.5,2000
2026-09-15,10:52,422.5,422.5,422.0,422.5,11031
2026-09-15,10:53,422.0,422.5,422.0,422.0,4070
2026-09-15,10:54,422.0,422.5,422.0,422.5,5000
2026-09-15,10:55,422.5,422.5,422.5,422.5,10211
2026-09-15,10:56,422.5,422.5,422.5,422.5,1246
2026-09-15,10:57,422.5,423.0,422.5,423.0,3015
2026-09-15,10:58,423.0,423.0,423.0,423.0,2050
2026-09-15,10:59,422.5,423.0,422.5,423.0,4303
2026-09-15,11:00,423.0,423.0,423.0,423.0,1000
2026-09-15,11:01,423.0,423.0,423.0,423.0,8100
2026-09-15,11:02,423.0,423.5,422.5,423.0,5000
2026-09-15,11:03,423.0,423.0,423.0,423.0,13245
2026-09-15,11:04,423.0,423.0,422.5,422.5,5035
2026-09-15,11:05,422.5,422.5,422.0,422.5,17093
2026-09-15,11:06,422.0,422.0,422.0,422.0,12227
2026-09-15,11:07,422.0,422.5,422.0,422.0,22875
2026-09-15,11:08,422.0,422.5,422.0,422.0,15116
2026-09-15,11:09,422.0,422.5,421.5,422.0,20300
2026-09-15,11:10,421.5,422.0,421.5,421.5,5282
2026-09-15,11:11,421.5,421.5,421.0,421.0,24033
2026-09-15,11:12,421.0,421.5,421.0,421.0,31137
2026-09-15,11:13,421.5,421.5,421.0,421.5,10161
2026-09-15,11:15,421.0,421.0,420.0,420.0,63500
2026-09-15,11:16,420.0,420.0,416.0,416.5,171594
2026-09-15,11:17,416.5,418.5,416.5,418.5,41712
2026-09-15,11:18,418.5,420.0,418.5,419.5,16365
2026-09-15,11:19,419.5,419.5,419.5,419.5,3342
2026-09-15,11:20,420.0,420.0,419.5,420.0,21119
2026-09-15,11:21,420.5,420.5,420.5,420.5,17008
2026-09-15,11:22,420.5,420.5,419.5,419.5,22104
2026-09-15,11:23,420.0,420.0,419.5,420.0,14110
2026-09-15,11:24,419.5,419.5,419.0,419.5,8163
2026-09-15,11:25,419.5,419.5,419.0,419.0,9153
2026-09-15,11:26,419.0,419.0,418.5,418.5,8006
2026-09-15,11:27,418.5,418.5,418.0,418.5,16339
2026-09-15,11:28,419.0,419.5,419.0,419.5,9000
2026-09-15,11:29,419.5,419.5,419.5,419.5,1532
2026-09-15,11:30,420.0,420.0,418.5,420.0,18020
2026-09-15,11:31,419.5,419.5,419.5,419.5,3170
2026-09-15,11:33,419.5,419.5,419.5,419.5,1050
2026-09-15,11:34,420.0,420.0,419.5,420.0,4036
2026-09-15,11:35,420.0,420.0,420.0,420.0,3010
2026-09-15,11:36,420.0,420.0,419.5,419.5,9181
2026-09-15,11:37,419.0,419.0,419.0,419.0,2000
2026-09-15,11:38,419.0,419.0,419.0,419.0,6125
2026-09-15,11:39,418.5,418.5,418.5,418.5,3036
2026-09-15,11:40,418.5,418.5,418.5,418.5,3369
2026-09-15,11:41,418.0,418.0,418.0,418.0,1000
2026-09-15,11:42,418.0,418.5,418.0,418.0,14030
2026-09-15,11:43,418.0,418.5,418.0,418.5,8200
2026-09-15,11:44,419.0,419.5,419.0,419.5,5038
2026-09-15,11:45,420.0,420.0,419.5,419.5,2129
2026-09-15,11:46,419.5,419.5,419.5,419.5,1021
2026-09-15,11:47,420.0,420.0,418.5,418.5,35100
2026-09-15,11:48,418.5,418.5,418.0,418.0,3030
2026-09-15,11:49,418.0,418.0,417.5,418.0,11200
2026-09-15,11:50,418.0,418.0,418.0,418.0,2338
2026-09-15,11:51,417.5,417.5,417.5,417.5,14251
2026-09-15,11:52,417.0,417.0,417.0,417.0,6269
2026-09-15,11:53,417.0,417.0,417.0,417.0,14060
2026-09-15,11:54,417.0,417.0,416.5,416.5,14019
2026-09-15,11:55,416.5,416.5,415.0,415.0,80367
2026-09-15,11:56,415.5,415.5,414.5,414.5,33419
2026-09-15,11:57,414.5,414.5,414.0,414.5,46298
2026-09-15,11:58,414.5,415.0,414.0,414.5,14818
2026-09-15,11:59,414.5,414.5,414.0,414.0,10260
2026-09-15,12:00,414.0,414.0,412.5,413.0,45200
2026-09-15,12:01,413.0,414.0,412.5,413.5,25050
2026-09-15,12:02,414.0,414.5,413.5,414.0,19102
2026-09-15,12:04,414.0,415.0,414.0,414.5,10035
2026-09-15,12:05,415.0,415.0,414.0,414.0,18120
2026-09-15,12:06,414.0,414.0,413.5,413.5,9078
2026-09-15,12:07,413.5,413.5,413.5,413.5,4110
2026-09-15,12:09,413.5,413.5,413.0,413.5,12203
2026-09-15,12:10,413.5,413.5,413.5,413.5,4000
2026-09-15,12:11,413.5,413.5,413.0,413.5,10170
2026-09-15,12:12,413.5,413.5,413.5,413.5,1268
2026-09-15,12:13,414.0,414.0,414.0,414.0,1010
2026-09-15,12:14,414.0,414.0,413.5,413.5,7134
2026-09-15,12:15,413.0,414.0,413.0,413.5,14000
2026-09-15,12:16,414.0,414.0,413.5,413.5,7058
2026-09-15,12:17,413.5,413.5,413.5,413.5,2001
2026-09-15,12:18,414.0,414.5,414.0,414.5,15196
2026-09-15,12:19,414.5,415.0,414.5,415.0,8215
2026-09-15,12:20,415.0,415.5,414.5,415.0,16020
2026-09-15,12:21,415.0,415.5,415.0,415.5,10044
2026-09-15,12:22,415.5,415.5,415.0,415.0,10075
2026-09-15,12:23,414.5,414.5,414.5,414.5,5191
2026-09-15,12:24,415.0,415.0,414.0,414.0,21971
2026-09-15,12:25,414.0,414.0,414.0,414.0,3048
2026-09-15,12:26,413.5,413.5,413.5,413.5,10277
2026-09-15,12:27,413.5,413.5,413.0,413.0,8235
2026-09-15,12:28,413.0,413.5,413.0,413.5,2760
2026-09-15,12:29,413.5,413.5,413.5,413.5,1187
2026-09-15,12:30,413.5,413.5,413.5,413.5,1020
2026-09-15,12:31,413.5,413.5,413.0,413.0,4613
2026-09-15,12:32,413.0,413.0,412.5,412.5,28020
2026-09-15,12:33,412.5,412.5,412.0,412.0,9678
2026-09-15,12:34,412.0,412.0,411.0,411.0,34693
2026-09-15,12:35,411.0,411.0,409.5,409.5,47342
2026-09-15,12:36,409.5,409.5,405.0,405.0,110685
2026-09-15,12:37,405.5,407.0,405.0,406.0,81462
2026-09-15,12:38,406.0,407.0,406.0,406.0,11879
2026-09-15,12:39,406.5,406.5,406.0,406.5,12706
2026-09-15,12:40,406.5,406.5,405.5,405.5,36429
2026-09-15,12:41,405.5,407.0,405.0,407.0,94315
2026-09-15,12:42,407.5,409.5,407.0,409.5,28507
2026-09-15,12:43,409.5,411.0,409.5,410.0,47262
2026-09-15,12:44,409.5,410.0,409.0,410.0,16017
2026-09-15,12:45,409.0,409.5,409.0,409.5,7316
2026-09-15,12:46,409.0,409.0,409.0,409.0,5107
2026-09-15,12:47,409.5,409.5,409.0,409.0,7137
2026-09-15,12:48,409.0,409.0,408.5,408.5,4638
2026-09-15,12:49,408.5,408.5,408.0,408.5,9545
2026-09-15,12:50,408.0,408.0,408.0,408.0,8520
2026-09-15,12:51,407.5,407.5,406.0,406.5,19052
2026-09-15,12:52,406.5,406.5,406.0,406.5,9986
2026-09-15,12:53,406.0,406.0,405.5,405.5,15508
2026-09-15,12:54,405.5,406.0,405.5,405.5,18363
2026-09-15,12:55,406.0,406.0,405.0,405.5,10687
2026-09-15,12:56,405.5,405.5,405.0,405.0,10000
2026-09-15,12:57,405.0,405.5,405.0,405.5,7332
2026-09-15,12:58,405.5,406.5,405.5,406.5,25200
2026-09-15,12:59,407.0,408.0,406.5,407.5,24353
2026-09-15,13:00,407.5,407.5,407.0,407.0,5475
2026-09-15,13:01,407.0,407.0,407.0,407.0,12457
2026-09-15,13:02,407.0,407.0,406.5,407.0,6569
2026-09-15,13:03,407.0,407.0,406.5,407.0,8483
2026-09-15,13:04,406.5,406.5,406.5,406.5,22430
2026-09-15,13:05,406.0,406.5,406.0,406.0,7007
2026-09-15,13:06,406.0,406.0,405.5,405.5,23202
2026-09-15,13:07,405.5,406.5,405.5,405.5,44640
2026-09-15,13:08,406.0,406.0,405.5,405.5,12280
2026-09-15,13:09,405.5,405.5,405.5,405.5,7890
2026-09-15,13:10,405.5,405.5,405.0,405.0,50702
2026-09-15,13:11,405.0,405.5,404.5,405.5,61525
2026-09-15,13:12,405.0,407.0,405.0,406.5,76829
2026-09-15,13:13,406.5,407.0,406.5,406.5,28641
2026-09-15,13:14,406.5,406.5,406.0,406.0,11306
2026-09-15,13:15,406.5,406.5,406.0,406.0,18205
2026-09-15,13:16,406.0,406.0,405.5,405.5,28272
2026-09-15,13:17,405.0,406.0,405.0,406.0,23493
2026-09-15,13:18,406.0,406.0,405.0,405.0,25737
2026-09-15,13:19,405.5,405.5,405.5,405.5,34372
2026-09-15,13:20,405.5,406.0,405.5,405.5,34950
2026-09-15,13:21,405.5,406.0,405.0,405.0,16866
2026-09-15,13:22,405.5,405.5,405.0,405.0,51453
2026-09-15,13:23,405.0,405.0,404.5,404.5,34780
2026-09-15,13:24,404.0,404.0,403.0,403.5,96331
2026-09-15,13:30,407.0,407.0,407.0,407.0,431189
2026-09-16,09:00,409.0,417.5,409.0,417.5,0
2026-09-16,09:01,417.5,418.0,413.0,414.0,150000
2026-09-16,09:02,414.0,414.5,413.5,414.5,49000
2026-09-16,09:03,414.5,415.0,412.5,413.0,79000
2026-09-16,09:04,413.5,416.0,413.0,415.0,41000
2026-09-16,09:05,416.0,416.5,415.0,415.0,42000
2026-09-16,09:06,415.0,415.0,413.5,413.5,38000
2026-09-16,09:07,413.0,413.0,410.0,410.0,87000
2026-09-16,09:08,410.0,413.0,410.0,412.0,46000
2026-09-16,09:09,412.5,412.5,411.5,412.0,31227
2026-09-16,09:10,411.5,412.0,411.0,411.0,25177
2026-09-16,09:11,411.0,413.5,411.0,413.5,26587
2026-09-16,09:12,413.5,414.0,412.5,412.5,23249
2026-09-16,09:13,413.5,414.0,413.0,413.0,22130
2026-09-16,09:14,412.5,412.5,412.0,412.0,15379
2026-09-16,09:15,412.0,413.0,412.0,413.0,17234
2026-09-16,09:16,413.0,413.0,411.5,411.5,22570
2026-09-16,09:17,411.5,412.0,411.0,411.5,25256
2026-09-16,09:18,411.5,412.0,411.0,412.0,15140
2026-09-16,09:19,411.5,412.0,411.5,412.0,8070
2026-09-16,09:20,412.0,412.0,411.0,411.0,20416
2026-09-16,09:21,411.5,411.5,411.0,411.5,6854
2026-09-16,09:22,411.5,412.0,411.5,412.0,14934
2026-09-16,09:23,412.0,412.0,411.5,412.0,8375
2026-09-16,09:24,412.0,412.0,412.0,412.0,5755
2026-09-16,09:25,412.5,412.5,412.5,412.5,8004
2026-09-16,09:26,412.5,412.5,411.5,411.5,23050
2026-09-16,09:27,411.0,411.0,410.5,410.5,33153
2026-09-16,09:28,410.5,411.0,410.5,411.0,8010
2026-09-16,09:29,411.0,411.0,410.5,410.5,13088
2026-09-16,09:30,410.0,410.5,410.0,410.0,14649
2026-09-16,09:31,410.5,411.5,410.5,411.5,11154
2026-09-16,09:32,411.5,411.5,411.0,411.5,18350
2026-09-16,09:33,411.5,411.5,411.5,411.5,3174
2026-09-16,09:34,411.5,412.5,411.5,411.5,20000
2026-09-16,09:35,412.5,413.0,412.5,413.0,9126
2026-09-16,09:36,413.5,413.5,412.5,412.5,16230
2026-09-16,09:37,412.5,412.5,412.0,412.0,11020
2026-09-16,09:38,412.5,412.5,411.5,411.5,13000
2026-09-16,09:39,411.5,412.0,411.5,412.0,9000
2026-09-16,09:40,412.0,412.0,412.0,412.0,3101
2026-09-16,09:41,412.0,412.0,412.0,412.0,3355
2026-09-16,09:42,412.0,412.0,411.5,411.5,2211
2026-09-16,09:43,412.0,412.0,412.0,412.0,1438
2026-09-16,09:45,411.5,411.5,411.5,411.5,3040
2026-09-16,09:46,411.5,411.5,411.5,411.5,5331
2026-09-16,09:47,411.5,411.5,411.5,411.5,10333
2026-09-16,09:48,411.5,411.5,411.5,411.5,2138
2026-09-16,09:49,411.5,411.5,411.5,411.5,8172
2026-09-16,09:50,411.5,411.5,411.5,411.5,1009
2026-09-16,09:51,411.5,411.5,411.5,411.5,8005
2026-09-16,09:52,411.5,411.5,411.0,411.5,3625
2026-09-16,09:53,411.0,411.5,411.0,411.5,2720
2026-09-16,09:54,411.5,411.5,411.5,411.5,3588
2026-09-16,09:55,411.5,411.5,411.0,411.5,5050
2026-09-16,09:56,411.5,411.5,411.0,411.0,10092
2026-09-16,09:57,411.5,411.5,411.5,411.5,1128
2026-09-16,09:58,411.5,411.5,411.0,411.0,3000
2026-09-16,09:59,411.0,411.0,410.0,410.0,22899
2026-09-16,10:00,410.5,411.5,410.5,411.5,18395
2026-09-16,10:01,411.5,411.5,411.0,411.0,5301
2026-09-16,10:02,411.5,411.5,411.5,411.5,2000
2026-09-16,10:03,412.0,412.0,412.0,412.0,4410
2026-09-16,10:04,412.0,412.0,412.0,412.0,1000
2026-09-16,10:05,412.0,412.5,412.0,412.5,19224
2026-09-16,10:06,412.5,412.5,412.5,412.5,4056
2026-09-16,10:08,412.5,412.5,412.5,412.5,2608
2026-09-16,10:09,412.5,412.5,412.5,412.5,4020
2026-09-16,10:10,412.5,413.0,412.5,413.0,3112
2026-09-16,10:11,412.5,412.5,412.0,412.0,3216
2026-09-16,10:13,412.5,412.5,412.5,412.5,2114
2026-09-16,10:14,412.5,412.5,412.5,412.5,1040
2026-09-16,10:15,412.5,412.5,412.5,412.5,1050
2026-09-16,10:16,412.0,412.0,412.0,412.0,3107
2026-09-16,10:17,412.0,412.5,412.0,412.5,2120
2026-09-16,10:18,412.5,412.5,412.5,412.5,3147
2026-09-16,10:19,412.5,412.5,412.5,412.5,4003
2026-09-16,10:20,413.0,413.0,412.5,412.5,3305
2026-09-16,10:21,412.5,412.5,412.5,412.5,6030
2026-09-16,10:22,412.5,412.5,412.5,412.5,1025
2026-09-16,10:23,412.5,412.5,412.5,412.5,2300
2026-09-16,10:24,412.5,413.0,412.5,413.0,2808
2026-09-16,10:26,413.0,413.0,413.0,413.0,5029
2026-09-16,10:27,413.0,413.0,412.5,413.0,14325
2026-09-16,10:28,413.0,413.0,412.5,412.5,5238
2026-09-16,10:29,412.5,412.5,412.5,412.5,1111
2026-09-16,10:32,412.5,412.5,412.5,412.5,1300
2026-09-16,10:33,413.0,413.0,413.0,413.0,10000
2026-09-16,10:34,413.0,413.0,413.0,413.0,2131
2026-09-16,10:35,413.0,413.0,413.0,413.0,3010
2026-09-16,10:36,413.0,413.0,413.0,413.0,9329
2026-09-16,10:37,413.0,413.0,413.0,413.0,2270
2026-09-16,10:38,413.0,413.0,413.0,413.0,1095
2026-09-16,10:39,413.0,413.0,413.0,413.0,4010
2026-09-16,10:40,413.0,413.5,413.0,413.5,22060
2026-09-16,10:41,414.0,414.5,414.0,414.0,28006
2026-09-16,10:42,414.0,414.0,413.5,413.5,11004
2026-09-16,10:43,413.5,413.5,413.5,413.5,4056
2026-09-16,10:44,413.0,413.0,413.0,413.0,1500
2026-09-16,10:45,413.0,413.0,413.0,413.0,1016
2026-09-16,10:46,413.5,413.5,413.5,413.5,1000
2026-09-16,10:48,413.5,414.0,413.5,413.5,4321
2026-09-16,10:49,414.0,414.0,414.0,414.0,2001
2026-09-16,10:50,414.0,414.0,414.0,414.0,1000
2026-09-16,10:51,414.0,414.0,414.0,414.0,2020
2026-09-16,10:52,414.0,414.0,414.0,414.0,7110
2026-09-16,10:53,414.0,414.0,414.0,414.0,2000
2026-09-16,10:54,414.0,414.0,414.0,414.0,4000
2026-09-16,10:55,414.0,414.0,414.0,414.0,1008
2026-09-16,10:56,414.0,414.0,414.0,414.0,2420
2026-09-16,10:57,414.0,414.0,414.0,414.0,11330
2026-09-16,10:58,414.0,414.0,414.0,414.0,2505
2026-09-16,10:59,413.5,413.5,413.5,413.5,1075
2026-09-16,11:00,413.5,414.0,413.5,414.0,4513
2026-09-16,11:01,414.0,414.0,413.5,413.5,2000
2026-09-16,11:02,414.0,414.0,414.0,414.0,2127
2026-09-16,11:03,413.5,413.5,412.5,412.5,44031
2026-09-16,11:04,412.5,412.5,412.5,412.5,8028
2026-09-16,11:05,413.0,413.0,413.0,413.0,2729
2026-09-16,11:07,413.5,413.5,413.5,413.5,1000
2026-09-16,11:08,413.5,413.5,413.5,413.5,13110
2026-09-16,11:09,413.5,414.5,413.5,414.5,32591
2026-09-16,11:10,414.5,415.0,414.5,414.5,4000
2026-09-16,11:11,415.0,415.0,414.5,415.0,7010
2026-09-16,11:12,414.5,414.5,414.5,414.5,2000
2026-09-16,11:13,415.0,417.0,415.0,417.0,174378
2026-09-16,11:14,417.0,417.0,416.5,416.5,19160
2026-09-16,11:15,417.0,417.5,415.5,415.5,54370
2026-09-16,11:16,415.0,415.5,415.0,415.5,9152
2026-09-16,11:17,416.5,416.5,416.0,416.0,18027
2026-09-16,11:18,416.5,417.0,416.5,417.0,9003
2026-09-16,11:19,417.0,417.0,417.0,417.0,23122
2026-09-16,11:20,417.0,419.0,416.5,418.5,147730
2026-09-16,11:21,418.0,423.0,418.0,423.0,218420
2026-09-16,11:22,423.0,423.0,419.5,420.0,78638
2026-09-16,11:23,420.5,420.5,419.0,419.5,38358
2026-09-16,11:24,419.0,419.5,418.5,419.5,8020
2026-09-16,11:25,419.5,419.5,417.5,418.0,47150
2026-09-16,11:26,417.5,418.0,417.5,418.0,10110
2026-09-16,11:27,418.0,418.0,417.5,417.5,5372
2026-09-16,11:28,417.5,417.5,417.5,417.5,3301
2026-09-16,11:29,417.5,417.5,417.0,417.0,11060
2026-09-16,11:30,417.0,417.5,416.0,417.0,28426
2026-09-16,11:31,417.0,417.5,417.0,417.0,9204
2026-09-16,11:32,417.0,418.0,417.0,418.0,18127
2026-09-16,11:33,418.0,418.0,418.0,418.0,2124
2026-09-16,11:34,417.5,418.0,417.0,418.0,19040
2026-09-16,11:35,418.0,418.0,418.0,418.0,4009
2026-09-16,11:36,418.0,418.0,417.5,417.5,7197
2026-09-16,11:37,417.5,418.0,417.5,418.0,2500
2026-09-16,11:38,418.0,418.0,418.0,418.0,1100
2026-09-16,11:39,418.0,418.0,418.0,418.0,3010
2026-09-16,11:40,417.5,418.0,417.5,418.0,24000
2026-09-16,11:41,418.0,418.5,418.0,418.0,6111
2026-09-16,11:42,418.5,419.0,418.5,418.5,7275
2026-09-16,11:43,418.5,419.0,418.5,419.0,11041
2026-09-16,11:44,418.5,419.0,418.5,418.5,9487
2026-09-16,11:45,418.5,419.0,418.5,419.0,13000
2026-09-16,11:46,419.5,420.0,419.5,419.5,14000
2026-09-16,11:47,420.0,420.0,419.5,419.5,16290
2026-09-16,11:48,420.0,420.0,419.0,419.0,18181
2026-09-16,11:49,418.5,419.5,418.5,419.0,19000
2026-09-16,11:50,419.5,419.5,419.5,419.5,3075
2026-09-16,11:51,419.5,419.5,419.5,419.5,1000
2026-09-16,11:52,419.5,419.5,419.0,419.0,6520
2026-09-16,11:53,419.5,419.5,419.0,419.0,6096
2026-09-16,11:54,418.5,419.0,418.5,418.5,4000
2026-09-16,11:55,418.5,419.0,418.5,419.0,8150
2026-09-16,11:56,419.5,419.5,419.5,419.5,2010
2026-09-16,11:57,419.5,419.5,419.0,419.5,8148
2026-09-16,11:58,419.5,419.5,418.5,418.5,5060
2026-09-16,11:59,419.0,419.0,419.0,419.0,1054
2026-09-16,12:00,419.0,419.0,418.5,418.5,17000
2026-09-16,12:01,418.0,418.5,418.0,418.5,10100
2026-09-16,12:02,418.5,420.0,418.5,420.0,31148
2026-09-16,12:03,420.0,420.0,419.0,419.5,4433
2026-09-16,12:04,420.0,420.0,419.5,419.5,4170
2026-09-16,12:05,420.0,420.0,419.0,419.0,15084
2026-09-16,12:06,419.0,419.0,419.0,419.0,4124
2026-09-16,12:07,419.0,419.5,419.0,419.0,7342
2026-09-16,12:08,419.0,419.5,419.0,419.0,9003
2026-09-16,12:09,419.0,419.5,419.0,419.5,15000
2026-09-16,12:10,420.0,420.0,420.0,420.0,2100
2026-09-16,12:11,420.0,420.0,419.5,420.0,9073
2026-09-16,12:12,420.0,420.0,419.0,419.5,9122
2026-09-16,12:13,419.5,419.5,419.5,419.5,4055
2026-09-16,12:14,419.0,419.0,419.0,419.0,7000
2026-09-16,12:15,418.5,418.5,417.5,417.5,17626
2026-09-16,12:16,417.0,417.5,416.5,417.0,14607
2026-09-16,12:17,417.0,417.5,417.0,417.5,9199
2026-09-16,12:18,417.0,417.0,417.0,417.0,2182
2026-09-16,12:19,416.5,417.0,416.5,417.0,3066
2026-09-16,12:20,416.5,416.5,416.0,416.0,6000
2026-09-16,12:21,416.5,416.5,416.0,416.0,5439
2026-09-16,12:22,416.0,416.0,415.5,415.5,16030
2026-09-16,12:23,415.0,415.5,415.0,415.0,22385
2026-09-16,12:24,415.0,416.0,415.0,415.0,20058
2026-09-16,12:25,415.0,416.0,415.0,416.0,6161
2026-09-16,12:26,415.5,415.5,415.5,415.5,3006
2026-09-16,12:27,415.5,416.0,415.0,415.0,9022
2026-09-16,12:28,415.0,415.5,415.0,415.0,13150
2026-09-16,12:29,415.0,415.5,414.5,414.5,11050
2026-09-16,12:30,415.0,419.5,414.5,419.5,103295
2026-09-16,12:31,420.0,422.5,420.0,421.0,129109
2026-09-16,12:32,420.0,423.5,420.0,423.0,157762
2026-09-16,12:33,423.5,425.0,423.0,424.5,98712
2026-09-16,12:34,424.0,424.5,423.5,424.0,43764
2026-09-16,12:35,424.5,427.0,423.5,427.0,179288
2026-09-16,12:36,427.0,428.0,425.5,428.0,109234
2026-09-16,12:37,428.0,428.0,426.5,427.0,56612
2026-09-16,12:38,427.5,428.0,427.0,427.5,44060
2026-09-16,12:39,428.0,430.0,427.5,430.0,147979
2026-09-16,12:40,429.5,430.0,428.5,428.5,54215
2026-09-16,12:41,428.0,428.5,427.0,428.0,58693
2026-09-16,12:42,428.0,429.5,427.5,429.5,43058
2026-09-16,12:43,429.5,429.5,429.0,429.0,38031
2026-09-16,12:44,429.0,429.5,428.5,428.5,30408
2026-09-16,12:45,428.5,429.0,427.5,427.5,29872
2026-09-16,12:46,428.0,428.0,427.0,427.5,47560
2026-09-16,12:47,427.5,427.5,426.0,427.0,49188
2026-09-16,12:48,427.0,428.0,426.5,428.0,57047
2026-09-16,12:49,428.0,430.0,427.5,430.0,114031
2026-09-16,12:50,430.0,430.0,429.5,429.5,35692
2026-09-16,12:51,430.0,430.0,429.0,429.5,39051
2026-09-16,12:52,429.5,430.0,429.0,430.0,51055
2026-09-16,12:53,430.0,433.5,429.5,433.0,188597
2026-09-16,12:54,432.5,433.5,432.0,432.5,86480
2026-09-16,12:55,432.5,432.5,431.5,432.0,28783
2026-09-16,12:56,432.0,432.5,431.5,431.5,41196
2026-09-16,12:57,431.5,432.5,431.5,432.0,29186
2026-09-16,12:58,432.0,432.0,429.5,431.5,86743
2026-09-16,12:59,431.5,432.5,431.0,432.0,31916
2026-09-16,13:00,432.5,433.0,431.5,432.5,29099
2026-09-16,13:01,432.5,437.5,432.5,437.0,192588
2026-09-16,13:02,437.0,437.5,435.5,436.5,56710
2026-09-16,13:03,437.0,437.0,435.5,435.5,44926
2026-09-16,13:04,436.0,436.0,435.0,436.0,30856
2026-09-16,13:05,436.0,436.0,435.5,435.5,18376
2026-09-16,13:06,436.0,436.0,435.0,435.5,33571
2026-09-16,13:07,435.5,436.5,435.5,436.0,71030
2026-09-16,13:08,436.0,438.0,436.0,438.0,69260
2026-09-16,13:09,438.5,443.0,438.0,443.0,258636
2026-09-16,13:10,443.0,447.0,442.5,445.5,260566
2026-09-16,13:11,445.5,447.0,443.5,444.0,196147
2026-09-16,13:12,444.0,446.5,443.0,446.5,192030
2026-09-16,13:13,446.5,446.5,442.0,443.5,136316
2026-09-16,13:14,444.5,446.0,444.0,446.0,56194
2026-09-16,13:15,446.0,446.5,445.0,446.0,64035
2026-09-16,13:16,446.0,446.5,445.0,446.0,31257
2026-09-16,13:17,446.0,446.0,443.5,445.0,38797
2026-09-16,13:18,445.0,445.5,444.0,444.5,22938
2026-09-16,13:19,445.0,445.5,443.5,444.0,34241
2026-09-16,13:20,444.5,444.5,443.0,443.5,39999
2026-09-16,13:21,443.5,444.0,442.5,442.5,35558
2026-09-16,13:22,442.0,442.5,440.0,441.5,130323
2026-09-16,13:23,441.5,442.0,440.0,440.0,29504
2026-09-16,13:24,441.0,443.0,439.5,442.0,91735
2026-09-16,13:30,440.0,440.0,440.0,440.0,211444
2026-09-17,09:00,449.0,449.5,445.5,446.0,0
2026-09-17,09:01,445.5,454.5,444.5,453.5,229000
2026-09-17,09:02,454.0,454.5,450.0,450.5,226000
2026-09-17,09:03,450.0,461.5,449.5,459.0,318000
2026-09-17,09:04,460.0,461.0,458.0,459.5,214000
2026-09-17,09:05,460.0,466.5,460.0,464.5,325000
2026-09-17,09:06,465.0,474.0,464.5,474.0,192000
2026-09-17,09:08,473.5,473.5,468.5,469.5,262000
2026-09-17,09:09,470.0,471.5,467.5,470.5,244000
2026-09-17,09:10,470.5,471.0,466.5,468.5,156937
2026-09-17,09:11,469.0,470.0,467.0,468.0,77813
2026-09-17,09:12,467.0,468.0,464.0,464.0,101201
2026-09-17,09:13,464.5,465.0,461.0,461.5,90174
2026-09-17,09:14,462.0,466.0,462.0,465.0,138023
2026-09-17,09:15,465.0,465.5,462.5,463.0,58893
2026-09-17,09:16,463.0,463.5,461.5,463.5,44617
2026-09-17,09:17,463.0,463.5,461.5,462.0,47750
2026-09-17,09:18,462.0,462.0,458.0,458.0,85934
2026-09-17,09:19,458.0,458.0,456.0,456.5,129327
2026-09-17,09:20,456.5,456.5,453.0,453.0,86590
2026-09-17,09:21,452.5,456.5,452.5,455.5,81152
2026-09-17,09:22,455.0,455.5,453.5,455.5,47223
2026-09-17,09:23,455.5,456.0,453.5,453.5,79839
2026-09-17,09:24,453.5,453.5,452.0,452.5,85999
2026-09-17,09:25,453.0,454.0,453.0,453.5,17383
2026-09-17,09:26,454.0,455.0,451.5,452.5,70949
2026-09-17,09:27,452.0,452.0,451.5,452.0,34657
2026-09-17,09:28,452.5,454.5,452.5,454.5,21518
2026-09-17,09:29,454.5,455.0,454.0,454.5,57712
2026-09-17,09:30,455.0,455.5,454.5,455.0,35220
2026-09-17,09:31,455.0,455.0,452.0,452.5,69832
2026-09-17,09:32,452.5,452.5,450.0,450.0,97560
2026-09-17,09:33,450.0,450.0,446.5,447.0,154556
2026-09-17,09:34,447.5,448.0,447.0,447.5,35276
2026-09-17,09:35,447.5,448.0,447.0,448.0,32060
2026-09-17,09:36,448.0,450.5,448.0,450.0,111701
2026-09-17,09:37,450.0,450.0,449.0,449.5,31464
2026-09-17,09:38,449.5,450.0,448.5,448.5,46796
2026-09-17,09:39,449.5,449.5,448.5,448.5,15770
2026-09-17,09:40,448.5,449.5,448.5,449.0,12706
2026-09-17,09:41,448.5,448.5,445.0,445.0,141682
2026-09-17,09:42,444.5,445.0,443.0,444.5,94756
2026-09-17,09:43,445.0,445.5,445.0,445.0,41765
2026-09-17,09:44,445.0,445.5,444.5,445.0,36551
2026-09-17,09:45,445.5,447.5,445.5,447.0,29933
2026-09-17,09:46,447.0,447.0,444.5,444.5,40609
2026-09-17,09:47,445.0,445.0,442.0,442.5,83429
2026-09-17,09:48,443.0,444.0,442.5,443.5,28260
2026-09-17,09:49,444.0,444.0,443.0,443.0,30127
2026-09-17,09:50,443.5,443.5,440.5,440.5,80559
2026-09-17,09:51,440.5,443.0,440.5,442.0,59972
2026-09-17,09:52,442.0,443.0,442.0,443.0,14615
2026-09-17,09:53,443.0,444.5,443.0,444.5,19558
2026-09-17,09:54,444.5,446.5,444.0,446.5,47481
2026-09-17,09:55,446.5,446.5,445.0,445.5,32524
2026-09-17,09:56,445.0,445.0,444.5,444.5,14124
2026-09-17,09:57,445.0,445.0,444.0,444.0,11068
2026-09-17,09:58,443.5,444.0,443.0,443.0,19162
2026-09-17,09:59,442.5,443.0,442.0,442.0,62414
2026-09-17,10:00,442.0,442.0,441.5,442.0,24781
2026-09-17,10:01,441.5,441.5,441.0,441.5,11568
2026-09-17,10:02,441.5,442.0,440.5,440.5,49456
2026-09-17,10:03,440.5,441.0,440.5,441.0,30333
2026-09-17,10:04,441.0,442.0,441.0,442.0,12619
2026-09-17,10:05,442.5,443.5,442.5,443.5,15433
2026-09-17,10:06,443.0,443.0,440.5,440.5,27524
2026-09-17,10:07,440.5,441.0,440.5,441.0,24000
2026-09-17,10:08,441.0,441.5,441.0,441.5,16270
2026-09-17,10:09,441.0,441.5,441.0,441.0,10239
2026-09-17,10:10,442.0,442.0,442.0,442.0,4153
2026-09-17,10:11,441.5,441.5,441.0,441.0,13081
2026-09-17,10:12,441.0,442.0,441.0,442.0,8085
2026-09-17,10:13,441.5,443.0,441.5,443.0,8756
2026-09-17,10:14,442.0,443.0,441.5,443.0,27191
2026-09-17,10:15,443.0,443.0,442.5,442.5,6164
2026-09-17,10:16,442.0,442.5,440.0,440.0,112491
2026-09-17,10:17,440.0,440.0,437.5,437.5,101353
2026-09-17,10:18,437.5,437.5,435.0,436.5,123272
2026-09-17,10:19,436.5,438.0,436.0,437.0,46708
2026-09-17,10:20,437.0,437.0,436.5,437.0,25514
2026-09-17,10:21,437.0,437.0,437.0,437.0,4837
2026-09-17,10:22,437.0,437.0,437.0,437.0,9171
2026-09-17,10:23,437.5,439.0,437.5,439.0,15079
2026-09-17,10:24,439.0,439.0,438.0,438.0,27427
2026-09-17,10:25,438.0,438.0,438.0,438.0,2213
2026-09-17,10:26,437.5,438.0,437.5,438.0,11612
2026-09-17,10:27,437.5,437.5,435.5,435.5,45002
2026-09-17,10:28,435.5,435.5,433.0,433.5,87302
2026-09-17,10:29,434.0,435.0,433.5,435.0,48603
2026-09-17,10:30,435.0,437.0,435.0,435.0,20841
2026-09-17,10:31,436.0,436.0,435.0,436.0,9026
2026-09-17,10:32,435.5,435.5,435.0,435.0,21581
2026-09-17,10:33,435.0,435.0,434.0,434.0,31476
2026-09-17,10:34,434.5,435.5,434.0,434.5,17736
2026-09-17,10:35,435.5,436.0,435.0,435.0,12076
2026-09-17,10:36,435.5,437.5,435.5,437.5,18760
2026-09-17,10:37,438.0,439.5,438.0,439.5,26602
2026-09-17,10:38,439.0,439.5,438.5,438.5,32360
2026-09-17,10:39,439.5,439.5,438.5,439.0,19260
2026-09-17,10:40,439.0,439.0,438.0,438.0,7239
2026-09-17,10:41,438.0,438.0,438.0,438.0,3243
2026-09-17,10:42,438.5,438.5,438.5,438.5,4020
2026-09-17,10:43,439.0,441.0,439.0,440.5,54626
2026-09-17,10:44,441.0,441.0,440.0,440.0,43170
2026-09-17,10:45,440.0,440.0,439.5,439.5,8936
2026-09-17,10:46,439.5,444.0,439.5,444.0,61127
2026-09-17,10:47,444.0,445.5,444.0,444.5,87058
2026-09-17,10:48,444.5,444.5,442.5,443.0,35397
2026-09-17,10:49,443.0,443.0,442.0,443.0,9592
2026-09-17,10:50,442.5,442.5,442.0,442.5,12121
2026-09-17,10:51,442.5,442.5,442.0,442.5,15248
2026-09-17,10:52,442.5,443.0,442.0,443.0,20117
2026-09-17,10:53,442.5,443.0,442.5,443.0,7165
2026-09-17,10:54,443.0,443.0,441.0,441.0,47143
2026-09-17,10:55,441.0,441.0,441.0,441.0,2023
2026-09-17,10:56,441.0,441.5,440.0,441.5,13745
2026-09-17,10:57,441.5,441.5,441.5,441.5,1000
2026-09-17,10:58,441.0,441.5,441.0,441.5,9070
2026-09-17,10:59,441.5,441.5,441.0,441.0,7200
2026-09-17,11:00,441.0,441.0,440.0,440.5,11961
2026-09-17,11:01,440.0,440.0,438.5,438.5,8111
2026-09-17,11:02,438.5,439.5,438.5,439.5,8664
2026-09-17,11:03,439.5,440.0,439.5,440.0,7050
2026-09-17,11:04,440.0,440.0,440.0,440.0,3010
2026-09-17,11:05,441.0,441.5,441.0,441.0,5431
2026-09-17,11:06,441.0,441.0,441.0,441.0,4163
2026-09-17,11:07,440.5,441.0,440.5,441.0,5002
2026-09-17,11:08,441.0,441.0,441.0,441.0,40000
2026-09-17,11:09,441.0,441.5,441.0,441.5,4022
2026-09-17,11:10,441.5,441.5,440.5,440.5,6854
2026-09-17,11:12,440.0,440.0,438.0,438.0,30674
2026-09-17,11:13,438.0,438.0,436.5,436.5,17606
2026-09-17,11:14,436.5,439.0,436.0,439.0,14327
2026-09-17,11:15,438.5,438.5,438.5,438.5,2355
2026-09-17,11:16,438.5,438.5,438.0,438.0,4550
2026-09-17,11:17,438.5,439.0,438.5,439.0,4060
2026-09-17,11:18,439.5,439.5,438.5,438.5,5111
2026-09-17,11:19,438.0,438.5,438.0,438.0,20360
2026-09-17,11:20,438.0,438.0,437.5,437.5,4171
2026-09-17,11:22,437.0,438.0,437.0,438.0,6161
2026-09-17,11:23,438.0,439.0,438.0,439.0,3055
2026-09-17,11:24,439.0,440.5,438.5,439.0,8293
2026-09-17,11:25,440.0,440.5,440.0,440.0,11269
2026-09-17,11:26,440.0,440.0,440.0,440.0,5087
2026-09-17,11:27,440.0,440.0,439.5,439.5,5113
2026-09-17,11:28,439.5,439.5,439.5,439.5,1002
2026-09-17,11:29,439.5,439.5,439.5,439.5,2015
2026-09-17,11:30,439.0,439.0,439.0,439.0,6381
2026-09-17,11:31,439.0,439.0,439.0,439.0,1342
2026-09-17,11:32,439.0,439.0,439.0,439.0,2010
2026-09-17,11:33,439.0,439.0,439.0,439.0,2205
2026-09-17,11:35,439.0,440.0,439.0,440.0,4022
2026-09-17,11:36,440.0,440.0,439.5,440.0,13116
2026-09-17,11:37,440.0,440.0,440.0,440.0,1113
2026-09-17,11:38,440.0,440.0,440.0,440.0,3043
2026-09-17,11:39,440.0,440.0,440.0,440.0,7020
2026-09-17,11:40,440.0,440.0,440.0,440.0,2111
2026-09-17,11:41,440.0,440.5,440.0,440.5,3053
2026-09-17,11:42,440.5,440.5,440.5,440.5,1070
2026-09-17,11:43,440.5,440.5,440.5,440.5,5364
2026-09-17,11:44,441.0,441.5,440.5,441.0,16350
2026-09-17,11:45,441.0,441.0,441.0,441.0,5105
2026-09-17,11:46,441.5,441.5,441.5,441.5,2380
2026-09-17,11:47,441.0,441.0,440.5,440.5,9225
2026-09-17,11:49,440.5,442.0,440.5,442.0,24268
2026-09-17,11:50,442.5,442.5,442.5,442.5,4374
2026-09-17,11:51,442.5,442.5,442.0,442.0,12391
2026-09-17,11:52,442.0,442.5,442.0,442.5,3321
2026-09-17,11:53,442.0,442.5,442.0,442.5,6429
2026-09-17,11:54,443.0,443.0,442.5,442.5,8301
2026-09-17,11:55,442.5,442.5,442.5,442.5,2070
2026-09-17,11:56,442.5,443.0,442.0,443.0,12320
2026-09-17,11:57,443.0,443.0,443.0,443.0,9114
2026-09-17,11:58,443.0,443.5,443.0,443.5,11150
2026-09-17,11:59,443.5,443.5,443.0,443.0,8015
2026-09-17,12:00,443.0,443.0,442.0,442.0,6231
2026-09-17,12:01,442.0,443.0,442.0,443.0,6054
2026-09-17,12:02,442.5,442.5,442.0,442.0,4004
2026-09-17,12:03,442.0,442.0,442.0,442.0,2150
2026-09-17,12:04,442.0,442.0,442.0,442.0,2129
2026-09-17,12:05,442.0,442.5,442.0,442.0,9147
2026-09-17,12:06,443.0,443.0,443.0,443.0,14080
2026-09-17,12:07,443.5,443.5,443.0,443.0,12345
2026-09-17,12:08,443.0,443.5,442.5,442.5,10101
2026-09-17,12:09,443.0,443.5,442.0,442.0,22003
2026-09-17,12:10,443.0,443.5,443.0,443.5,4102
2026-09-17,12:11,443.5,443.5,443.5,443.5,4170
2026-09-17,12:12,443.5,445.0,443.5,444.5,54541
2026-09-17,12:13,445.0,447.5,445.0,447.0,116616
2026-09-17,12:14,446.5,447.0,443.0,443.0,41505
2026-09-17,12:15,443.0,443.0,442.5,443.0,7661
2026-09-17,12:16,443.5,444.5,443.5,444.5,4140
2026-09-17,12:17,445.5,446.5,444.0,444.0,32383
2026-09-17,12:18,444.0,444.0,444.0,444.0,1050
2026-09-17,12:19,445.0,445.5,444.0,444.0,5100
2026-09-17,12:20,443.5,443.5,443.5,443.5,1052
2026-09-17,12:21,444.5,444.5,444.5,444.5,3136
2026-09-17,12:22,444.0,444.0,444.0,444.0,2949
2026-09-17,12:23,444.0,444.0,443.5,443.5,12370
2026-09-17,12:24,443.5,443.5,443.5,443.5,5400
2026-09-17,12:25,443.5,443.5,443.0,443.0,12300
2026-09-17,12:26,443.5,443.5,442.0,442.0,15784
2026-09-17,12:27,442.0,443.0,442.0,442.5,23131
2026-09-17,12:28,444.0,444.0,442.5,442.5,2003
2026-09-17,12:29,443.5,443.5,443.5,443.5,1698
2026-09-17,12:30,443.5,443.5,443.5,443.5,4122
2026-09-17,12:31,443.0,443.0,443.0,443.0,2104
2026-09-17,12:32,442.5,442.5,442.0,442.0,6494
2026-09-17,12:33,441.5,441.5,440.0,440.0,21912
2026-09-17,12:34,440.0,441.0,439.5,440.0,22629
2026-09-17,12:35,441.0,441.0,440.0,440.0,4094
2026-09-17,12:36,440.0,440.5,440.0,440.0,6000
2026-09-17,12:37,440.0,441.0,440.0,440.5,9065
2026-09-17,12:38,440.5,440.5,440.5,440.5,1000
2026-09-17,12:39,441.5,442.5,441.5,442.5,6467
2026-09-17,12:40,442.0,442.0,442.0,442.0,2086
2026-09-17,12:41,441.5,441.5,440.0,440.0,32000
2026-09-17,12:42,440.0,440.0,440.0,440.0,7100
2026-09-17,12:43,440.0,440.0,440.0,440.0,6080
2026-09-17,12:44,440.0,440.0,440.0,440.0,4050
2026-09-17,12:45,440.0,440.0,440.0,440.0,3115
2026-09-17,12:46,440.0,440.0,440.0,440.0,6520
2026-09-17,12:47,440.0,440.0,440.0,440.0,7000
2026-09-17,12:48,440.0,440.5,439.5,439.5,8459
2026-09-17,12:49,440.0,440.0,438.0,438.0,47576
2026-09-17,12:50,438.0,438.5,438.0,438.5,21030
2026-09-17,12:51,439.0,439.5,439.0,439.0,4296
2026-09-17,12:52,439.0,439.5,439.0,439.5,5421
2026-09-17,12:53,439.0,439.5,439.0,439.5,2002
2026-09-17,12:54,439.0,439.0,438.0,438.5,17304
2026-09-17,12:55,438.0,438.5,437.5,437.5,22543
2026-09-17,12:56,437.0,437.0,435.5,436.0,31464
2026-09-17,12:57,435.5,436.0,435.0,435.5,20156
2026-09-17,12:58,435.5,436.0,435.5,436.0,16055
2026-09-17,12:59,436.5,437.0,436.5,436.5,5052
2026-09-17,13:00,437.0,437.5,436.5,437.5,7073
2026-09-17,13:01,437.5,438.0,437.0,437.0,12365
2026-09-17,13:02,436.5,436.5,436.0,436.0,14794
2026-09-17,13:03,435.5,435.5,435.0,435.5,19418
2026-09-17,13:04,435.5,435.5,435.0,435.0,9337
2026-09-17,13:05,435.5,436.5,435.5,436.0,21107
2026-09-17,13:06,436.0,437.0,436.0,437.0,11434
2026-09-17,13:08,436.5,436.5,436.0,436.0,12200
2026-09-17,13:09,436.0,437.5,435.5,437.5,76825
2026-09-17,13:10,437.5,437.5,437.5,437.5,5078
2026-09-17,13:11,437.5,437.5,437.0,437.0,9592
2026-09-17,13:12,436.5,437.0,436.5,437.0,21165
2026-09-17,13:13,436.5,436.5,436.0,436.5,13393
2026-09-17,13:14,436.5,436.5,436.0,436.0,15345
2026-09-17,13:15,436.0,436.5,435.5,435.5,33951
2026-09-17,13:16,435.5,435.5,435.0,435.0,25162
2026-09-17,13:17,435.0,435.5,435.0,435.0,48627
2026-09-17,13:18,434.5,434.5,433.5,433.5,54380
2026-09-17,13:19,433.0,433.5,432.0,432.5,92472
2026-09-17,13:20,432.5,433.0,432.0,432.5,71355
2026-09-17,13:21,432.5,433.5,432.5,433.0,65604
2026-09-17,13:22,432.5,433.0,432.0,432.5,39208
2026-09-17,13:23,432.5,434.0,432.5,433.0,65870
2026-09-17,13:24,433.0,436.0,433.0,435.0,77428
2026-09-17,13:30,441.5,441.5,441.5,441.5,618999
2026-09-18,09:00,457.0,461.0,453.0,455.0,0
2026-09-18,09:01,454.5,454.5,446.0,449.0,223000
2026-09-18,09:02,449.0,451.0,448.5,451.0,106000
2026-09-18,09:03,450.0,450.5,449.0,449.5,96000
2026-09-18,09:04,449.5,449.5,447.0,447.5,101000
2026-09-18,09:05,447.0,449.0,446.5,448.5,81000
2026-09-18,09:06,449.0,449.0,447.0,448.5,75000
2026-09-18,09:07,448.0,452.0,446.5,450.5,199000
2026-09-18,09:08,450.5,453.0,450.0,452.0,126000
2026-09-18,09:09,452.0,452.5,451.0,452.0,108000
2026-09-18,09:10,451.5,453.0,449.5,449.5,144776
2026-09-18,09:11,449.0,450.0,448.5,449.5,27713
2026-09-18,09:12,448.5,448.5,447.5,447.5,44690
2026-09-18,09:13,447.5,447.5,444.0,447.0,176059
2026-09-18,09:14,446.5,447.5,445.5,447.0,25724
2026-09-18,09:15,446.5,448.0,446.5,448.0,37065
2026-09-18,09:16,448.0,449.0,448.0,449.0,16560
2026-09-18,09:17,448.5,448.5,445.0,445.5,137739
2026-09-18,09:18,445.5,445.5,442.0,443.5,94578
2026-09-18,09:19,443.0,443.5,442.0,442.0,35379
2026-09-18,09:20,442.0,443.0,442.0,442.5,34313
2026-09-18,09:21,442.5,443.5,442.5,443.5,35117
2026-09-18,09:22,443.5,444.0,443.5,444.0,35011
2026-09-18,09:23,443.5,444.0,440.0,440.0,146076
2026-09-18,09:24,440.0,440.5,439.0,440.5,77966
2026-09-18,09:25,440.0,440.5,440.0,440.5,21335
2026-09-18,09:26,440.5,441.0,439.5,440.0,36460
2026-09-18,09:27,440.0,440.0,438.5,438.5,41520
2026-09-18,09:28,438.5,440.0,438.5,439.5,11786
2026-09-18,09:29,439.0,441.5,439.0,441.5,44511
2026-09-18,09:30,441.5,441.5,440.0,440.0,38247
2026-09-18,09:31,440.0,442.0,440.0,441.0,49223
2026-09-18,09:32,441.0,441.0,441.0,441.0,25212
2026-09-18,09:33,440.5,441.0,440.0,440.5,17114
2026-09-18,09:34,441.0,441.0,439.5,439.5,37020
2026-09-18,09:35,440.0,440.0,440.0,440.0,9106
2026-09-18,09:36,440.0,440.0,440.0,440.0,5380
2026-09-18,09:37,440.0,442.5,440.0,442.5,33995
2026-09-18,09:38,442.0,443.5,441.5,442.5,66409
2026-09-18,09:39,444.0,444.0,442.5,443.0,76451
2026-09-18,09:40,443.5,444.0,443.5,443.5,22328
2026-09-18,09:41,443.5,444.5,443.0,444.0,30121
2026-09-18,09:42,444.5,444.5,443.5,443.5,24370
2026-09-18,09:43,443.5,446.0,443.5,446.0,43470
2026-09-18,09:44,446.0,446.0,443.0,443.0,51831
2026-09-18,09:45,443.0,443.0,442.5,442.5,10674
2026-09-18,09:46,442.5,443.0,442.5,442.5,6290
2026-09-18,09:47,442.5,442.5,441.5,441.5,9376
2026-09-18,09:48,441.5,442.0,441.5,442.0,6000
2026-09-18,09:49,442.0,442.0,441.5,441.5,6196
2026-09-18,09:50,441.5,441.5,441.5,441.5,3120
2026-09-18,09:51,441.5,442.0,441.5,442.0,7393
2026-09-18,09:52,441.5,442.5,441.5,442.0,10089
2026-09-18,09:53,442.0,442.0,442.0,442.0,2004
2026-09-18,09:54,442.5,442.5,442.5,442.5,2123
2026-09-18,09:55,442.5,442.5,442.0,442.0,8021
2026-09-18,09:56,442.0,442.0,442.0,442.0,3400
2026-09-18,09:57,442.5,442.5,442.0,442.0,5100
2026-09-18,09:58,441.5,441.5,440.5,441.0,33076
2026-09-18,09:59,441.0,442.0,441.0,442.0,2158
2026-09-18,10:00,442.0,442.5,442.0,442.0,7262
2026-09-18,10:01,442.5,442.5,442.5,442.5,4010
2026-09-18,10:02,443.0,443.0,442.0,442.0,9093
2026-09-18,10:03,441.5,441.5,441.0,441.0,12154
2026-09-18,10:04,441.0,441.0,440.5,440.5,5015
2026-09-18,10:05,440.5,440.5,440.5,440.5,15586
2026-09-18,10:06,441.0,441.5,441.0,441.5,7100
2026-09-18,10:07,441.5,441.5,441.5,441.5,4000
2026-09-18,10:08,441.5,442.5,441.5,442.5,5060
2026-09-18,10:09,442.0,442.0,442.0,442.0,1728
2026-09-18,10:10,442.5,443.0,442.5,443.0,15000
2026-09-18,10:11,443.0,443.0,442.5,442.5,6102
2026-09-18,10:12,443.0,444.5,443.0,444.0,15866
2026-09-18,10:13,444.0,444.0,443.0,444.0,11431
2026-09-18,10:14,444.0,444.0,443.0,443.0,17203
2026-09-18,10:15,443.0,444.0,443.0,443.5,4027
2026-09-18,10:17,443.0,443.5,442.5,442.5,15118
2026-09-18,10:18,442.5,442.5,442.5,442.5,4223
2026-09-18,10:19,442.0,442.5,442.0,442.5,4020
2026-09-18,10:20,442.5,442.5,442.0,442.0,7260
2026-09-18,10:21,441.5,441.5,441.5,441.5,6071
2026-09-18,10:22,441.0,441.0,440.5,440.5,15073
2026-09-18,10:23,440.5,441.5,440.5,441.5,13553
2026-09-18,10:25,441.5,441.5,441.5,441.5,3259
2026-09-18,10:27,441.5,441.5,441.5,441.5,4088
2026-09-18,10:28,441.5,441.5,441.5,441.5,2007
2026-09-18,10:29,441.5,441.5,441.5,441.5,2809
2026-09-18,10:32,442.0,442.0,442.0,442.0,4216
2026-09-18,10:33,442.0,442.0,442.0,442.0,5354
2026-09-18,10:34,441.5,441.5,441.5,441.5,16017
2026-09-18,10:35,441.0,441.5,441.0,441.5,2457
2026-09-18,10:37,441.5,441.5,441.0,441.0,6039
2026-09-18,10:38,441.5,441.5,441.5,441.5,2053
2026-09-18,10:39,441.5,441.5,441.0,441.0,16414
2026-09-18,10:41,441.5,441.5,441.5,441.5,3144
2026-09-18,10:42,441.5,441.5,441.5,441.5,2020
2026-09-18,10:43,441.5,441.5,441.5,441.5,3314
2026-09-18,10:44,441.5,441.5,441.5,441.5,3106
2026-09-18,10:45,442.0,442.5,442.0,442.5,28016
2026-09-18,10:46,443.0,444.0,443.0,443.5,12307
2026-09-18,10:47,443.0,443.5,443.0,443.5,11185
2026-09-18,10:48,443.5,444.5,443.5,444.5,34979
2026-09-18,10:49,444.0,444.5,443.5,443.5,14119
2026-09-18,10:50,443.0,443.0,443.0,443.0,1149
2026-09-18,10:51,443.0,443.0,442.5,442.5,2133
2026-09-18,10:52,443.5,443.5,443.5,443.5,2026
2026-09-18,10:53,443.0,443.0,443.0,443.0,3042
2026-09-18,10:54,443.0,443.0,442.5,443.0,7201
2026-09-18,10:55,442.0,443.0,442.0,443.0,5000
2026-09-18,10:56,441.5,441.5,441.5,441.5,1020
2026-09-18,10:57,442.0,442.0,442.0,442.0,1050
2026-09-18,10:58,442.0,442.0,441.5,441.5,5095
2026-09-18,11:00,442.5,443.5,442.5,443.5,12000
2026-09-18,11:01,444.0,446.0,444.0,445.5,94636
2026-09-18,11:02,445.0,445.5,444.0,444.5,42429
2026-09-18,11:03,444.5,445.0,444.0,445.0,13479
2026-09-18,11:04,445.0,445.5,444.5,445.0,25352
2026-09-18,11:05,445.0,447.0,445.0,445.5,122429
2026-09-18,11:06,445.0,445.0,444.0,444.5,12344
2026-09-18,11:07,444.0,444.5,444.0,444.5,5333
2026-09-18,11:08,445.0,445.0,443.5,443.5,11109
2026-09-18,11:09,444.5,444.5,444.5,444.5,3020
2026-09-18,11:10,445.0,445.5,445.0,445.0,8095
2026-09-18,11:11,445.0,445.5,444.5,445.0,12142
2026-09-18,11:12,445.0,445.0,445.0,445.0,2009
2026-09-18,11:13,445.0,445.0,445.0,445.0,8300
2026-09-18,11:14,445.0,445.5,445.0,445.0,18410
2026-09-18,11:15,445.0,445.0,445.0,445.0,2007
2026-09-18,11:16,445.0,445.0,445.0,445.0,4018
2026-09-18,11:17,445.0,445.0,444.5,444.5,8190
2026-09-18,11:18,445.0,446.0,445.0,446.0,31056
2026-09-18,11:19,446.5,446.5,445.5,445.5,15107
2026-09-18,11:20,445.5,446.0,445.5,445.5,10048
2026-09-18,11:21,445.5,445.5,445.5,445.5,7120
2026-09-18,11:22,445.5,445.5,445.0,445.0,22000
2026-09-18,11:23,445.0,445.0,445.0,445.0,2415
2026-09-18,11:25,444.5,444.5,444.5,444.5,8100
2026-09-18,11:26,444.5,444.5,444.5,444.5,2231
2026-09-18,11:27,444.0,444.0,444.0,444.0,3503
2026-09-18,11:28,444.5,444.5,444.5,444.5,2101
2026-09-18,11:29,444.5,444.5,444.0,444.0,3000
2026-09-18,11:30,444.0,444.5,444.0,444.5,11200
2026-09-18,11:31,444.5,444.5,444.0,444.5,6084
2026-09-18,11:32,445.0,445.0,445.0,445.0,4050
2026-09-18,11:33,444.5,444.5,444.0,444.0,6050
2026-09-18,11:34,445.0,445.0,444.5,444.5,3006
2026-09-18,11:35,444.5,446.5,444.5,446.5,69079
2026-09-18,11:36,446.5,447.0,446.0,446.5,41082
2026-09-18,11:37,446.0,446.0,446.0,446.0,7190
2026-09-18,11:38,446.0,446.0,445.5,445.5,6023
2026-09-18,11:39,445.5,445.5,445.5,445.5,6008
2026-09-18,11:40,445.0,445.0,444.0,444.5,16053
2026-09-18,11:41,444.5,445.0,444.0,445.0,10001
2026-09-18,11:42,445.0,445.0,445.0,445.0,3017
2026-09-18,11:43,445.0,445.5,444.5,444.5,5167
2026-09-18,11:44,444.5,445.0,444.5,445.0,2007
2026-09-18,11:45,445.0,445.0,444.5,444.5,7140
2026-09-18,11:46,444.5,444.5,444.5,444.5,6000
2026-09-18,11:47,444.0,444.0,444.0,444.0,8005
2026-09-18,11:48,444.0,444.5,444.0,444.5,5111
2026-09-18,11:49,445.0,445.0,444.5,444.5,6122
2026-09-18,11:50,445.0,446.0,445.0,445.5,13076
2026-09-18,11:51,445.0,446.0,445.0,445.5,5060
2026-09-18,11:52,445.5,446.0,445.5,445.5,7250
2026-09-18,11:53,445.5,446.0,445.5,446.0,2100
2026-09-18,11:54,445.5,446.5,445.5,446.5,17630
2026-09-18,11:55,446.0,446.0,446.0,446.0,8183
2026-09-18,11:56,446.0,446.5,446.0,446.5,6049
2026-09-18,11:57,446.0,446.0,445.5,445.5,10213
2026-09-18,11:58,445.0,445.0,444.0,444.0,9187
2026-09-18,11:59,444.0,444.0,444.0,444.0,3020
2026-09-18,12:00,445.0,445.5,445.0,445.5,4275
2026-09-18,12:02,445.0,445.0,445.0,445.0,1000
2026-09-18,12:03,445.0,445.5,444.5,445.0,7039
2026-09-18,12:04,444.5,445.0,444.5,445.0,5061
2026-09-18,12:05,444.0,444.0,444.0,444.0,1000
2026-09-18,12:06,444.5,445.0,444.5,445.0,7065
2026-09-18,12:07,445.0,445.5,445.0,445.0,6000
2026-09-18,12:08,444.5,444.5,444.5,444.5,1030
2026-09-18,12:09,444.5,444.5,444.5,444.5,4526
2026-09-18,12:10,444.5,444.5,444.5,444.5,5160
2026-09-18,12:11,444.0,444.0,442.5,442.5,35540
2026-09-18,12:12,442.5,442.5,442.0,442.0,10423
2026-09-18,12:13,442.5,442.5,442.0,442.0,6034
2026-09-18,12:14,442.5,443.0,442.5,443.0,9225
2026-09-18,12:15,443.0,443.5,443.0,443.5,3113
2026-09-18,12:16,443.5,443.5,443.5,443.5,1030
2026-09-18,12:17,443.0,443.0,442.5,442.5,8096
2026-09-18,12:18,442.5,442.5,442.5,442.5,6010
2026-09-18,12:19,442.5,442.5,442.5,442.5,2032
2026-09-18,12:20,442.5,442.5,442.5,442.5,1012
2026-09-18,12:21,442.5,442.5,442.5,442.5,2005
2026-09-18,12:22,442.5,442.5,442.5,442.5,4263
2026-09-18,12:24,442.0,442.0,442.0,442.0,9000
2026-09-18,12:25,442.0,442.5,442.0,442.0,10184
2026-09-18,12:26,442.0,442.5,442.0,442.0,3250
2026-09-18,12:27,442.0,442.0,441.5,441.5,22052
2026-09-18,12:28,441.5,441.5,441.0,441.5,11100
2026-09-18,12:29,441.5,442.0,441.5,441.5,4000
2026-09-18,12:30,442.0,442.0,442.0,442.0,6100
2026-09-18,12:31,442.0,442.0,441.5,441.5,4065
2026-09-18,12:32,442.0,442.5,442.0,442.5,7265
2026-09-18,12:33,442.5,442.5,442.0,442.5,6200
2026-09-18,12:34,442.0,442.0,442.0,442.0,1000
2026-09-18,12:35,442.5,443.0,442.0,443.0,5451
2026-09-18,12:37,442.5,443.0,442.5,442.5,5002
2026-09-18,12:38,442.0,442.0,442.0,442.0,1075
2026-09-18,12:39,442.0,442.5,442.0,442.5,3290
2026-09-18,12:40,442.5,443.0,442.5,442.5,9052
2026-09-18,12:41,442.5,443.0,442.5,442.5,9025
2026-09-18,12:42,442.5,442.5,442.5,442.5,1001
2026-09-18,12:43,443.0,444.0,443.0,444.0,30370
2026-09-18,12:44,444.0,444.0,444.0,444.0,5361
2026-09-18,12:45,444.0,444.0,444.0,444.0,1121
2026-09-18,12:46,443.5,444.0,443.5,444.0,3392
2026-09-18,12:47,444.0,444.0,444.0,444.0,2327
2026-09-18,12:48,443.5,443.5,442.5,442.5,27035
2026-09-18,12:49,443.0,443.5,443.0,443.5,6000
2026-09-18,12:50,443.0,443.5,442.5,443.0,5003
2026-09-18,12:51,443.0,443.0,442.5,442.5,3320
2026-09-18,12:52,442.5,443.0,442.5,442.5,4260
2026-09-18,12:53,442.5,442.5,442.5,442.5,3050
2026-09-18,12:54,443.0,443.0,442.5,442.5,4400
2026-09-18,12:55,442.5,443.0,442.5,443.0,5230
2026-09-18,12:56,442.5,443.0,442.5,442.5,12227
2026-09-18,12:57,442.5,442.5,442.0,442.0,22220
2026-09-18,12:58,442.0,442.5,442.0,442.5,21553
2026-09-18,12:59,442.0,442.5,442.0,442.0,3120
2026-09-18,13:00,442.5,443.5,442.5,443.5,105208
2026-09-18,13:01,443.5,444.0,443.5,443.5,14885
2026-09-18,13:02,444.0,444.5,443.0,443.0,163315
2026-09-18,13:03,444.0,444.5,443.5,444.5,19140
2026-09-18,13:04,444.0,444.0,443.5,443.5,7052
2026-09-18,13:05,444.0,444.0,443.5,444.0,14015
2026-09-18,13:06,443.5,444.0,443.5,443.5,4488
2026-09-18,13:07,443.5,443.5,443.5,443.5,14103
2026-09-18,13:08,443.5,444.0,443.5,444.0,11270
2026-09-18,13:09,443.5,444.0,443.0,443.5,23040
2026-09-18,13:10,444.0,444.5,444.0,444.5,51177
2026-09-18,13:11,444.0,444.5,444.0,444.5,5348
2026-09-18,13:12,444.0,444.5,444.0,444.0,17547
2026-09-18,13:13,444.5,444.5,444.0,444.0,28400
2026-09-18,13:14,444.0,444.0,443.5,443.5,19023
2026-09-18,13:15,443.5,444.0,443.0,443.0,52901
2026-09-18,13:16,443.0,443.5,443.0,443.0,38240
2026-09-18,13:17,443.5,443.5,442.5,442.5,27586
2026-09-18,13:18,442.5,443.0,442.5,442.5,49078
2026-09-18,13:19,442.5,443.5,442.5,443.0,71335
2026-09-18,13:20,443.0,443.5,443.0,443.0,21071
2026-09-18,13:21,443.5,443.5,443.0,443.0,28055
2026-09-18,13:22,443.5,443.5,443.0,443.0,39771
2026-09-18,13:23,443.0,443.5,443.0,443.0,63314
2026-09-18,13:24,443.0,443.5,442.5,443.5,57870
2026-09-18,13:30,447.5,447.5,447.5,447.5,1091751
